n,tiempo,metodo,dataset
2,0.000003,BF,random
4,0.000000,BF,random
6,0.000001,BF,random
8,0.000002,BF,random
10,0.000003,BF,random
12,0.000007,BF,random
14,0.000018,BF,random
16,0.000054,BF,random
18,0.000109,BF,random
20,0.000278,BF,random
22,0.000746,BF,random
24,0.002177,BF,random
26,0.005319,BF,random
28,0.013883,BF,random
30,0.036425,BF,random
32,0.091126,BF,random
34,0.247303,BF,random
36,0.643330,BF,random
38,1.676432,BF,random
40,4.468973,BF,random
42,11.663889,BF,random